driver_name,GW_MicroServo_001,,,,,,
vendor_id,0x00000616,,,,,,
product_code,0x00001420,,,,,,
revision_num,0x00000100,,,,,,
sto1_code,0,,,,,,
sto2_code,0,,,,,,
driver_break_code,0,,,,,,
SDO1,P2.00,Speed gain,0x2200,1,2147483647,0,FALSE
SDO2,P2.01,Speed integration time constant,0X2201,1,2147483647,0,FALSE
SDO3,P2.02,Position gain,0x2202,1,2147483647,0,FALSE
SDO4,P2.03,Speed detection filter time,0x2203,1,2147483647,0,FALSE
SDO5,P2.04,Torque filter,0x2204,0,2147483647,0,FALSE
SDO6,P2.10,Speed feed-forward gain,0x220A,1,2147483647,0,FALSE
SDO7,P2.11,Speed feed-forward filter time,0X220B,0,2000,0,FALSE
errorcode,0100,errormsg,IGBT故障,solution,,,
errorcode,0101,errormsg,制动管故障,solution,,,
errorcode,0102,errormsg,U相IGBT故障,solution,,,
errorcode,0103,errormsg,V相IGBT故障,solution,,,
errorcode,0104,errormsg,W相IGBT故障,solution,,,
errorcode,0105,errormsg,IPM故障,solution,,,
errorcode,0200,errormsg,编码器故障-编码器断线,solution,,,
errorcode,0201,errormsg,编码器故障-编码器反馈误差过大,solution,,,
errorcode,0202,errormsg,编码器故障-奇偶校验错误,solution,,,
errorcode,0203,errormsg,编码器故障-CRC校验错误,solution,,,
errorcode,0204,errormsg,编码器故障-帧错误,solution,,,
errorcode,0205,errormsg,编码器故障-短帧错误,solution,,,
errorcode,0206,errormsg,编码器故障-编码器报超时,solution,,,
errorcode,0207,errormsg,编码器故障-第2编码超时,solution,,,
errorcode,0208,errormsg,编码器故障-编码器电池低压报警,solution,,,
errorcode,0209,errormsg,编码器故障-编码器电池欠压故障,solution,,,
errorcode,0210,errormsg,编码器故障-编码器过热,solution,,,
errorcode,0211,errormsg,编码器故障-编码器EEPROM无法写入,solution,,,
errorcode,0212,errormsg,编码器故障-编码器EEPROM无数据,solution,,,
errorcode,0213,errormsg,编码器故障-编码器EEPROM数据校验错误,solution,,,
errorcode,0214,errormsg,驱动器短编码器故障-编码器识别错误路,solution,,,
errorcode,0215,errormsg,编码器故障-编码器角度设置错误,solution,,,
errorcode,0300,errormsg,电流传感器故障-U相电流传感器故障,solution,,,
errorcode,0301,errormsg,电流传感器故障-V相电流传感器故障,solution,,,
errorcode,0302,errormsg,电流传感器故障-W相电流传感器故障,solution,,,
errorcode,0400,errormsg,系统初始化故障,solution,,,
errorcode,0500,errormsg,参数设置故障-逆变器型号不存在,solution,,,
errorcode,0501,errormsg,参数设置故障-电机型号不存在,solution,,,
errorcode,0502,errormsg,参数设置故障-电机和驱动器型号不匹配,solution,,,
errorcode,0503,errormsg,参数设置故障-软件限位设置故障,solution,,,
errorcode,0504,errormsg,参数设置故障-回原点模式设置故障,solution,,,
errorcode,0505,errormsg,参数设置故障-点位控制行程溢出故障,solution,,,
errorcode,0506,errormsg,参数设置故障-P9.37功率模块设置错误,solution,,,
errorcode,0600,errormsg,抱闸制动器故障,solution,,,
errorcode,0700,errormsg,再生放电过载故障,solution,,,
errorcode,0800,errormsg,模拟量输入过压故障-模拟量输入1,solution,,,
errorcode,0801,errormsg,模拟量输入过压故障-模拟量输入2,solution,,,
errorcode,0900,errormsg,EEPROM故障-读写故障,solution,,,
errorcode,0901,errormsg,EEPROM故障-数据校验故障,solution,,,
errorcode,1000,errormsg,硬件故障-FPGA故障,solution,,,
errorcode,1001,errormsg,硬件故障-通信卡故障,solution,,,
errorcode,1002,errormsg,硬件故障-对地短路故障,solution,,,
errorcode,1003,errormsg,硬件故障-外部输入故障,solution,,,
errorcode,1004,errormsg,硬件故障-紧急停机故障,solution,,,
errorcode,1005,errormsg,硬件故障-485通讯故障,solution,,,
errorcode,1006,errormsg,硬件故障-AC电源缺相,solution,,,
errorcode,1007,errormsg,硬件故障-风扇故障,solution,,,
errorcode,1008,errormsg,硬件故障-再生晶体管故障,solution,,,
errorcode,1009,errormsg,硬件故障-STO缺相故障,solution,,,
errorcode,1010,errormsg,硬件故障-STO DPIN1故障,solution,,,
errorcode,1011,errormsg,硬件故障-STO DPIN2故障,solution,,,
errorcode,1012,errormsg,硬件故障-STO FLASH故障,solution,,,
errorcode,1100,errormsg,软件故障-电机控制任务重入,solution,,,
errorcode,1101,errormsg,软件故障-周期任务重入,solution,,,
errorcode,1102,errormsg,软件故障-非法操作,solution,,,
errorcode,1103,errormsg,软件故障-堆栈故障,solution,,,
errorcode,1200,errormsg,IO故障-开关量分配重复,solution,,,
errorcode,1201,errormsg,IO故障-模拟量分配重复,solution,,,
errorcode,1202,errormsg,IO故障-脉冲输入频率过高,solution,,,
errorcode,1300,errormsg,主回路过压故障,solution,,,
errorcode,1301,errormsg,主回路欠压故障,solution,,,
errorcode,1400,errormsg,控制电源欠压故障,solution,,,
errorcode,1500,errormsg,逆变器过流故障,solution,,,
errorcode,1600,errormsg,保留,solution,,,
errorcode,1700,errormsg,驱动器过载故障,solution,,,
errorcode,1701,errormsg,驱动器过载故障2,solution,,,
errorcode,1800,errormsg,电机过载故障,solution,,,
errorcode,1801,errormsg,电机过温故障,solution,,,
errorcode,1900,errormsg,过速故障-过速故障,solution,,,
errorcode,1901,errormsg,过速故障-正向过速故障,solution,,,
errorcode,1902,errormsg,过速故障-反向过速故障,solution,,,
errorcode,1903,errormsg,过速参数设置错误,solution,,,
errorcode,1904,errormsg,过速故障-失控飞车故障,solution,,,
errorcode,2000,errormsg,速度超差故障,solution,,,
errorcode,2100,errormsg,位置超程-正向超程,solution,,,
errorcode,2101,errormsg,位置超程-反向超程,solution,,,
errorcode,2200,errormsg,位置超差故障,solution,,,
errorcode,2201,errormsg,混合控制偏差过大故障,solution,,,
errorcode,2202,errormsg,位置增量溢出故障,solution,,,
errorcode,2203,errormsg,CANopen故障-同步信号超时,solution,,,
errorcode,2204,errormsg,CANopen故障-位置指令缓冲满,solution,,,
errorcode,2300,errormsg,过温故障-驱动器过温故障,solution,,,
errorcode,2301,errormsg,过温故障-电机过温故障,solution,,,
errorcode,2302,errormsg,过温故障-再生晶体管过温故障,solution,,,
errorcode,2303,errormsg,过温故障-再生电阻过温故障,solution,,,
errorcode,2400,errormsg,Profibus-DP故障-PWK参数ID错误,solution,,,
errorcode,2401,errormsg,Profibus-DP故障-PWK参数超范围,solution,,,
errorcode,2402,errormsg,Profibus-DP故障-PWK参数只读,solution,,,
errorcode,2403,errormsg,Profibus-DP故障-PZD配置参数不存在,solution,,,
errorcode,2404,errormsg,Profibus-DP故障-PZD配置参数属性不匹配,solution,,,
errorcode,2408,errormsg,EtherCAT故障-通信卡初始化故障,solution,,,
errorcode,2409,errormsg,EtherCAT故障-通信卡EEPROM故障,solution,,,
errorcode,2410,errormsg,EtherCAT故障-DC Sync0信号异常,solution,,,
errorcode,2411,errormsg,EtherCAT故障-断线故障,solution,,,
errorcode,2412,errormsg,EtherCAT故障-PDO数据丢失故障,solution,,,
errorcode,2500,errormsg,应用故障-增量编码器上电处理超时,solution,,,
errorcode,2501,errormsg,应用故障-增量编码器上电处理失败,solution,,,
errorcode,2502,errormsg,应用故障-系统相序测试超时,solution,,,
errorcode,2503,errormsg,应用故障-系统相序测试失败,solution,,,
errorcode,2504,errormsg,应用故障-编码器偏置角度测试超时,solution,,,
errorcode,2505,errormsg,应用故障-编码器偏置角度测试失败,solution,,,
errorcode,2506,errormsg,应用故障-回原点越位,solution,,,
errorcode,2507,errormsg,应用故障-惯量辨识失败,solution,,,
errorcode,2508,errormsg,应用故障-磁极检测失败,solution,,,
errorcode,2509,errormsg,应用故障-磁极检测确认过程中超程或过速,solution,,,
errorcode,2510,errormsg,应用故障-磁极检测超出范围,solution,,,
errorcode,2600,errormsg,CANopen故障-SDO超时,solution,,,
errorcode,2601,errormsg,CANopen故障-SDO索引不存在,solution,,,
errorcode,2602,errormsg,CANopen故障-SDO子索引不存在,solution,,,
errorcode,2603,errormsg,CANopen故障-SDO数据长度错误,solution,,,
errorcode,2604,errormsg,CANopen故障-SDO写数据超出范围,solution,,,
errorcode,2605,errormsg,CANopen故障-只读不能修改,solution,,,
errorcode,2606,errormsg,CANopen故障-PDO映射长度错误,solution,,,
errorcode,2607,errormsg,CANopen故障-PDO映射数据不存在,solution,,,
errorcode,2608,errormsg,CANopen故障-PDO不允许在操作态修改,solution,,,
errorcode,2609,errormsg,CANopen故障-PDO不允许映射,solution,,,
errorcode,2610,errormsg,CANopen故障-同步信号过快,solution,,,
errorcode,2611,errormsg,CANopen故障-接收故障,solution,,,
errorcode,2612,errormsg,CANopen故障-发送故障,solution,,,
errorcode,2613,errormsg,CANopen故障-同步信号重复,solution,,,
errorcode,2614,errormsg,CANopen故障-总线负载率过高,solution,,,
errorcode,2615,errormsg,CANopen故障-参数修改状态错误,solution,,,